Changes made at Sat Aug  9 05:58:18 UTC 2025
Changes made at Thu Nov 20 14:24:20 UTC 2025
Changes made at Thu Nov 20 16:31:17 UTC 2025
Changes made at Fri Nov 21 08:33:29 UTC 2025
Changes made at Fri Nov 21 10:25:10 UTC 2025
Changes made at Fri Nov 21 14:22:56 UTC 2025
Changes made at Fri Nov 21 16:29:01 UTC 2025
Changes made at Sat Nov 22 08:28:37 UTC 2025
Changes made at Sat Nov 22 10:22:31 UTC 2025
Changes made at Sat Nov 22 14:19:32 UTC 2025
Changes made at Sat Nov 22 16:26:59 UTC 2025
Changes made at Sun Nov 23 08:28:59 UTC 2025
Changes made at Sun Nov 23 10:22:43 UTC 2025
Changes made at Sun Nov 23 14:19:29 UTC 2025
Changes made at Sun Nov 23 16:27:05 UTC 2025
Changes made at Mon Nov 24 08:34:32 UTC 2025
Changes made at Mon Nov 24 10:27:37 UTC 2025
Changes made at Mon Nov 24 14:25:26 UTC 2025
Changes made at Mon Nov 24 16:27:36 UTC 2025
Changes made at Tue Nov 25 08:33:24 UTC 2025
Changes made at Tue Nov 25 10:28:39 UTC 2025
Changes made at Tue Nov 25 14:25:17 UTC 2025
